{
    "accuracy": 0.9479820627802691,
    "precision": 0.8787878787878788,
    "recall": 0.7341772151898734,
    "auc": 0.9382431914077483
}